{"cameraMode":{"drawMode":0,"name":"Shaded","section":"Shading Mode"},"sceneLighting":true,"audioPlay":false,"sceneViewState":{"showFog":true,"showMaterialUpdate":false,"showSkybox":true,"showFlares":true,"showImageEffects":true,"showParticleSystems":true},"in2DMode":false,"pivot":{"x":0.16816893219947816,"y":1.2254154682159424,"z":2.275752544403076},"rotation":{"x":-0.14301355183124543,"y":0.536220133304596,"z":-0.09278174489736557,"w":-0.8266938328742981},"size":21.61018180847168,"orthographic":false}